{
  "best_epoch": 39,
  "best_val_accuracy": 0.961304836895388,
  "test_accuracy": 0.96359918200409,
  "n_params": 617100,
  "per_class_test_acc": {
    "yes": 0.9832935560859188,
    "no": 0.9555555555555556,
    "up": 0.971764705882353,
    "down": 0.9433497536945813,
    "left": 0.9902912621359223,
    "right": 0.9722222222222222,
    "on": 0.9368686868686869,
    "off": 0.9427860696517413,
    "stop": 0.9902676399026764,
    "go": 0.9626865671641791,
    "silence": 1.0,
    "unknown": 0.9117647058823529
  },
  "class_names": [
    "yes",
    "no",
    "up",
    "down",
    "left",
    "right",
    "on",
    "off",
    "stop",
    "go",
    "silence",
    "unknown"
  ],
  "confusion_matrix": [
    [
      412,
      0,
      0,
      1,
      3,
      0,
      0,
      1,
      0,
      0,
      0,
      2
    ],
    [
      1,
      387,
      0,
      8,
      3,
      0,
      0,
      0,
      0,
      6,
      0,
      0
    ],
    [
      0,
      0,
      413,
      1,
      0,
      0,
      1,
      2,
      3,
      0,
      0,
      5
    ],
    [
      2,
      9,
      1,
      383,
      1,
      0,
      0,
      0,
      1,
      6,
      0,
      3
    ],
    [
      1,
      1,
      0,
      1,
      408,
      0,
      0,
      0,
      0,
      0,
      0,
      1
    ],
    [
      0,
      1,
      0,
      1,
      2,
      385,
      1,
      1,
      0,
      0,
      0,
      5
    ],
    [
      0,
      0,
      1,
      3,
      0,
      1,
      371,
      10,
      2,
      2,
      0,
      6
    ],
    [
      0,
      0,
      4,
      0,
      0,
      0,
      6,
      379,
      1,
      5,
      0,
      7
    ],
    [
      1,
      0,
      1,
      0,
      0,
      0,
      0,
      0,
      407,
      1,
      0,
      1
    ],
    [
      0,
      6,
      1,
      3,
      1,
      0,
      0,
      0,
      0,
      387,
      0,
      4
    ],
    [
      0,
      0,
      0,
      0,
      0,
      0,
      0,
      0,
      0,
      0,
      408,
      0
    ],
    [
      2,
      4,
      3,
      3,
      2,
      3,
      3,
      2,
      4,
      9,
      1,
      372
    ]
  ]
}