{
  "best_epoch": 51,
  "best_val_accuracy": 0.9644544431946007,
  "test_accuracy": 0.9541922290388548,
  "n_params": 617100,
  "per_class_test_acc": {
    "yes": 0.9856801909307876,
    "no": 0.9654320987654321,
    "up": 0.9647058823529412,
    "down": 0.9433497536945813,
    "left": 0.9854368932038835,
    "right": 0.9747474747474747,
    "on": 0.9318181818181818,
    "off": 0.9378109452736318,
    "stop": 0.9975669099756691,
    "go": 0.9402985074626866,
    "silence": 0.9264705882352942,
    "unknown": 0.8946078431372549
  },
  "class_names": [
    "yes",
    "no",
    "up",
    "down",
    "left",
    "right",
    "on",
    "off",
    "stop",
    "go",
    "silence",
    "unknown"
  ],
  "confusion_matrix": [
    [
      413,
      0,
      0,
      0,
      2,
      0,
      0,
      0,
      0,
      0,
      0,
      4
    ],
    [
      0,
      391,
      0,
      6,
      1,
      0,
      0,
      0,
      0,
      6,
      0,
      1
    ],
    [
      0,
      0,
      410,
      1,
      1,
      0,
      0,
      5,
      3,
      1,
      0,
      4
    ],
    [
      2,
      7,
      1,
      383,
      1,
      1,
      0,
      1,
      1,
      5,
      0,
      4
    ],
    [
      2,
      0,
      2,
      0,
      406,
      1,
      0,
      0,
      0,
      0,
      0,
      1
    ],
    [
      0,
      0,
      1,
      0,
      3,
      386,
      0,
      1,
      0,
      1,
      0,
      4
    ],
    [
      0,
      0,
      5,
      2,
      0,
      1,
      369,
      10,
      1,
      2,
      0,
      6
    ],
    [
      0,
      0,
      14,
      0,
      0,
      0,
      4,
      377,
      0,
      5,
      0,
      2
    ],
    [
      0,
      0,
      0,
      0,
      0,
      0,
      0,
      0,
      410,
      0,
      0,
      1
    ],
    [
      1,
      13,
      2,
      4,
      0,
      0,
      0,
      0,
      0,
      378,
      0,
      4
    ],
    [
      15,
      0,
      0,
      0,
      0,
      0,
      0,
      0,
      15,
      0,
      378,
      0
    ],
    [
      2,
      7,
      3,
      3,
      2,
      5,
      6,
      2,
      4,
      9,
      0,
      365
    ]
  ]
}