{
  "train_loss": [
    2.2515091055493293,
    1.6316963473801893,
    0.9841793130776433,
    0.8051283493820858,
    0.727212757804433,
    0.675285847865111,
    0.6380109693309718,
    0.603199068387978,
    0.5848158808740916,
    0.5693757044185174,
    0.5510420233057253,
    0.5397412786939513,
    0.5288767788500781,
    0.5170655665342628,
    0.5107242335730273,
    0.5048374375226267,
    0.4925789718147128,
    0.4892997785672637,
    0.47923717996660414,
    0.4741538962314941,
    0.47183560172304595,
    0.4646031410821716,
    0.459753142759239,
    0.45227104289103015,
    0.45077781998829963,
    0.44548019254349347,
    0.43987793132129654,
    0.4338728331687846,
    0.42870611383232876,
    0.4282349800345499,
    0.425780107955118,
    0.4211552677436914,
    0.4203132338188479,
    0.4163236489624759,
    0.41078561523190343,
    0.4078903686752319,
    0.40513883964653097,
    0.40258127631179125,
    0.3993805960432969,
    0.39646092912401304,
    0.3949272772251609,
    0.3937650311920769,
    0.3895838679600759,
    0.38839887849569055,
    0.38676325675257783,
    0.3843736409958576,
    0.3835016930877841,
    0.3778384671886858,
    0.3791155306104752,
    0.37746922967412816,
    0.37670517637060486,
    0.37506997343313686,
    0.3761907565741589,
    0.3750750269046975,
    0.37343610058664306,
    0.3721799637376818,
    0.37396167232850597,
    0.3724555418553546,
    0.3728975682398985,
    0.3728749648600601
  ],
  "train_acc": [
    0.21420252958376043,
    0.48203017093654676,
    0.7476911409780101,
    0.8172412859274172,
    0.8470600980741568,
    0.8654226363116876,
    0.8789914145202468,
    0.8919643582945942,
    0.8995747907775855,
    0.904124800256772,
    0.9114643989196789,
    0.9168810768323481,
    0.9186685805773,
    0.9235706740845852,
    0.9254394280165655,
    0.9280665168020148,
    0.93207485848606,
    0.9331852774660995,
    0.9371123689631162,
    0.9398207079565797,
    0.9401998753954213,
    0.9424748801350145,
    0.9456978035726052,
    0.9485415594793395,
    0.9472686401607575,
    0.9502748964237915,
    0.9529561520274978,
    0.9555561574264185,
    0.9568561600960144,
    0.9569915770447998,
    0.958833247587023,
    0.9594290821616784,
    0.9596186658899778,
    0.9605124177519608,
    0.9634103404559665,
    0.9652520109029463,
    0.9656040949875454,
    0.9667415973783279,
    0.9680416001221813,
    0.9699374373874184,
    0.9694499363717913,
    0.9712103566495,
    0.9725103593755963,
    0.9735395281686073,
    0.9729707770402094,
    0.9745145302176188,
    0.9752186983335451,
    0.9770874522267825,
    0.9765999512498984,
    0.9764916176521271,
    0.977737453619695,
    0.9783332881556073,
    0.9777916204169664,
    0.9780624542580367,
    0.979037456328034,
    0.9784957884941496,
    0.9787666224482207,
    0.979714541107475,
    0.9789020393582628,
    0.978631205442935
  ],
  "val_loss": [
    2.0695152269037287,
    1.0240668711096417,
    0.7018937982107577,
    0.6227917965472214,
    0.5940932506651391,
    0.5396139775875315,
    0.5239581743697348,
    0.5058455788847834,
    0.5043444189566729,
    0.4867037847822509,
    0.4975224036735947,
    0.4691988341384583,
    0.48571162544970303,
    0.46070128933383053,
    0.4453794273335164,
    0.4582612456433282,
    0.4431286590439933,
    0.430213361019761,
    0.4421276133964247,
    0.4439427731611061,
    0.4523809252493293,
    0.42924016994351877,
    0.43854679243368827,
    0.4431032987225579,
    0.43409929669748143,
    0.42701984830326384,
    0.4631638222926111,
    0.4383577480359072,
    0.4289595329721277,
    0.4307393503269543,
    0.422442494750157,
    0.4219392577427176,
    0.42174628234150974,
    0.43433668553091676,
    0.4330046190856144,
    0.4204337080565561,
    0.4231937627019979,
    0.42044603779694095,
    0.42392591689247117,
    0.418143388377534,
    0.41993292283153644,
    0.4193376761185439,
    0.422356675479758,
    0.4197401133712687,
    0.4163911484089692,
    0.41730676371147446,
    0.41808437757336514,
    0.41759615405740297,
    0.414789213821778,
    0.4146426258795173,
    0.4135723544856695,
    0.4152626825666267,
    0.414440306756306,
    0.4150673127147559,
    0.41396103106413973,
    0.41398390453765577,
    0.41460753635024594,
    0.414488523139192,
    0.41462348119614495,
    0.41409033260678013
  ],
  "val_acc": [
    0.3097862767154106,
    0.7320584926884139,
    0.8627671541057368,
    0.8967379077615298,
    0.9075365579302587,
    0.9212598425196851,
    0.9313835770528683,
    0.9327334083239595,
    0.9363329583802025,
    0.9372328458942633,
    0.9343082114735658,
    0.9381327334083239,
    0.9347581552305961,
    0.9464566929133859,
    0.9534308211473566,
    0.9451068616422947,
    0.9509561304836895,
    0.9590551181102362,
    0.9523059617547807,
    0.9525309336332959,
    0.9489313835770529,
    0.9565804274465691,
    0.9541057367829021,
    0.9511811023622048,
    0.9543307086614173,
    0.9586051743532058,
    0.9435320584926884,
    0.9489313835770529,
    0.9550056242969629,
    0.958830146231721,
    0.9583802024746907,
    0.9606299212598425,
    0.9615298087739033,
    0.9554555680539932,
    0.9536557930258718,
    0.9581552305961755,
    0.9610798650168729,
    0.9595050618672666,
    0.9615298087739033,
    0.961304836895388,
    0.9610798650168729,
    0.9590551181102362,
    0.9595050618672666,
    0.9606299212598425,
    0.9640044994375703,
    0.9608548931383577,
    0.9622047244094488,
    0.9619797525309336,
    0.9608548931383577,
    0.9615298087739033,
    0.9644544431946007,
    0.9622047244094488,
    0.9637795275590552,
    0.962429696287964,
    0.9626546681664792,
    0.9642294713160855,
    0.9635545556805399,
    0.9631046119235096,
    0.9642294713160855,
    0.9642294713160855
  ],
  "lr": [
    0.0004,
    0.0006,
    0.0008,
    0.001,
    0.001,
    0.0009991853674111047,
    0.0009967441268066007,
    0.0009926842410059227,
    0.0009870189525126958,
    0.0009797667403204416,
    0.0009709512596379427,
    0.0009606012647308676,
    0.0009487505151313335,
    0.0009354376655213288,
    0.000920706139649175,
    0.0009046039886902862,
    0.0008871837345142217,
    0.0008685021983692642,
    0.0008486203155433192,
    0.00082760293660567,
    0.0008055186158779014,
    0.0007824393878239513,
    0.0007584405320886615,
    0.000733600327951224,
    0.0007079997989944423,
    0.0006817224488226451,
    0.0006548539886902863,
    0.0006274820579296468,
    0.0005996959380895499,
    0.0005715862617175061,
    0.0005432447167351804,
    0.0005147637473714513,
    0.00048623625262854875,
    0.0004577552832648197,
    0.00042941373828249413,
    0.00040130406191045024,
    0.0003735179420703534,
    0.0003461460113097138,
    0.0003192775511773549,
    0.0002930002010055578,
    0.000267399672048776,
    0.00024255946791133857,
    0.00021856061217604892,
    0.0001954813841220986,
    0.00017339706339433014,
    0.000152379684456681,
    0.0001324978016307357,
    0.0001138162654857783,
    9.63960113097138e-05,
    8.029386035082494e-05,
    6.556233447867138e-05,
    5.2249484868666566e-05,
    4.0398735269132426e-05,
    3.0048740362057456e-05,
    2.1233259679558623e-05,
    1.3981047487304433e-05,
    8.315758994077355e-06,
    4.255873193399165e-06,
    1.814632588895244e-06,
    1e-06
  ],