{
  "train_loss": [
    2.259435743150798,
    1.6241431510891096,
    0.986698695454764,
    0.8044641003691873,
    0.7266918778955441,
    0.6717774127146549,
    0.6385594960075609,
    0.602992356838909,
    0.5856267639091504,
    0.5674855374609976,
    0.5529271130389357,
    0.5400991724064544,
    0.5305434312469939,
    0.5180983645532493,
    0.5115910811239321,
    0.4974389703717769,
    0.4946190740245137,
    0.48720997465724525,
    0.4804087183336213,
    0.4707965553137785,
    0.46645127401945213,
    0.462365294360483,
    0.4534176268524756,
    0.44554030003253997,
    0.44385560876763375,
    0.43713580588298995,
    0.43553985436691756,
    0.42739636861299396,
    0.42513469112925756,
    0.4239236510378198,
    0.4195772831456373,
    0.417420267672153,
    0.4129705475391296,
    0.41112516779387287,
    0.4062923945538405,
    0.4065098835066733,
    0.4078876084771642,
    0.40535364744609836,
    0.4066794277984156,
    0.4056758399296791
  ],
  "train_acc": [
    0.21068168890323513,
    0.48276142245998743,
    0.7440078000453073,
    0.8200579584653802,
    0.845326761069976,
    0.868239308807679,
    0.8803997507908425,
    0.8939956125263738,
    0.8988977059949159,
    0.9058039704604529,
    0.90951439480067,
    0.9155269073622523,
    0.919914416485139,
    0.9224060883427888,
    0.9257915120801788,
    0.9307206890369499,
    0.931641524249947,
    0.9331040272580852,
    0.93643528427569,
    0.9414727947495177,
    0.9417977953701021,
    0.943964466610396,
    0.946699888958102,
    0.9501936462545203,
    0.9510873981165033,
    0.953985320799523,
    0.9543374048308504,
    0.9575332448786841,
    0.9585353302609523,
    0.9589144977175511,
    0.9606749180340028,
    0.9621645045271416,
    0.9631936732991669,
    0.9649811770053758,
    0.9651436773439181,
    0.9663895132727429,
    0.9649811770618761,
    0.9670665980166695,
    0.9657395119363308,
    0.9667415973395848
  ],
  "val_loss": [
    2.0438607024261466,
    1.0104512819959557,
    0.7046279694017596,
    0.6222148280980483,
    0.593545660956504,
    0.54689927935198,
    0.5328123058457477,
    0.508470498590287,
    0.5271333929993572,
    0.49197173741456496,
    0.48657839591243,
    0.4761234996892738,
    0.4556672894311032,
    0.4605281890779566,
    0.44561325313672173,
    0.4454913414302371,
    0.43393873346401685,
    0.4402865370293436,
    0.4539242158255239,
    0.4325228958081609,
    0.43321943295149484,
    0.44005980263008443,
    0.42818807702096695,
    0.42867185572671407,
    0.4274147449113655,
    0.4271323463914097,
    0.41841365535428204,
    0.42584086992475123,
    0.4193794853038273,
    0.41757085230809093,
    0.4168676314525583,
    0.4191802342844492,
    0.41830414621446477,
    0.41804963888682184,
    0.4148268684158175,
    0.4151457935001772,
    0.41614572228811453,
    0.4140106338349719,
    0.4148011809728277,
    0.41426541956122737
  ],
  "val_acc": [
    0.32598425196850395,
    0.7343082114735658,
    0.8652418447694038,
    0.8983127109111361,
    0.9012373453318335,
    0.9183352080989876,
    0.9196850393700787,
    0.9286839145106862,
    0.9232845894263217,
    0.937007874015748,
    0.9372328458942633,
    0.9385826771653544,
    0.9505061867266592,
    0.9451068616422947,
    0.9482564679415073,
    0.9500562429696288,
    0.9536557930258718,
    0.950281214848144,
    0.9473565804274465,
    0.9545556805399326,
    0.9547806524184477,
    0.9498312710911136,
    0.9550056242969629,
    0.956355455568054,
    0.9559055118110236,
    0.9590551181102362,
    0.958830146231721,
    0.956355455568054,
    0.9592800899887514,
    0.9601799775028121,
    0.9581552305961755,
    0.9579302587176602,
    0.9604049493813274,
    0.9592800899887514,
    0.9599550056242969,
    0.9592800899887514,
    0.9610798650168729,
    0.9608548931383577,
    0.961304836895388,
    0.9608548931383577
  ],
  "lr": [
    0.0004,
    0.0006,
    0.0008,
    0.001,
    0.001,
    0.000997989159850622,
    0.0009919728295050155,
    0.0009819994489175788,
    0.0009681493178845487,
    0.0009505339495172584,
    0.0009292951724041321,
    0.0009046039886902862,
    0.0008766591972688037,
    0.000845685793168939,
    0.0008119331560284374,
    0.0007756730422353252,
    0.0007371973969052629,
    0.000696816003311135,
    0.0006548539886902863,
    0.0006116492065111791,
    0.0005675495162759189,
    0.0005229099827600823,
    0.00047809001723991796,
    0.00043345048372408124,
    0.00038935079348882104,
    0.0003461460113097138,
    0.0003041839966888652,
    0.0002638026030947372,
    0.00022532695776467484,
    0.00018906684397156263,
    0.00015531420683106113,
    0.0001243408027311964,
    9.63960113097138e-05,
    7.170482759586788e-05,
    5.046605048274169e-05,
    3.2850682115451266e-05,
    1.9000551082421308e-05,
    9.027170494984482e-06,
    3.0108401493780853e-06,
    1e-06
  ],
  "grad_norm": [
    2.204043534076487,
    3.797140250412203,
    3.551828793004051,
    2.9585082236337663,
    2.6072594732587184,
    2.370892307925535,
    2.2147526734091256,
    2.0018016725842585,
    1.9562326318628438,
    1.8362109040706487,
    1.7589241411586993,
    1.7184464269041773,
    1.675775795732507,
    1.6143027109438297,
    1.583910746023561,
    1.5126401681542974,
    1.4797326112452927,
    1.470361336067173,
    1.458815893301685,
    1.4520544037129561,
    1.4013546932288965,
    1.3850983400980756,
    1.352404563365471,
    1.3464276763542253,
    1.334892034662525,
    1.317336932517063,
    1.3229208534558157,
    1.2878120480451962,
    1.296458282598504,
    1.280708276204852,
    1.2758236984417723,
    1.2566981472906007,
    1.2325437108303536,
    1.2456452319691087,
    1.2195432375984443,
    1.2138927693146564,
    1.2265494061580235,
    1.2386868127419928,
    1.21725970313704,
    1.2244585488219202
  ],
  "epoch_time": [
    13.328820705413818,
    12.278099060058594,
    12.008147716522217,
    11.543981790542603,
    11.508146286010742,
    11.920669317245483,
    12.095181703567505,
    12.195250272750854,
    11.952295780181885,
    12.825186491012573,
    12.83616018295288,
    12.795023918151855,
    12.77050232887268,
    12.33946681022644,
    13.021735668182373,
    12.996926546096802,
    12.090950727462769,
    12.500412702560425,
    12.75583004951477,
    12.273952722549438,
    12.703091859817505,
    12.65273928642273,
    11.904773235321045,
    12.554005146026611,
    11.974791288375854,
    12.412630796432495,
    12.915020942687988,
    13.074333429336548,
    12.554548263549805,
    12.78976321220398,
    12.309612035751343,
    12.55696964263916,
    12.793296337127686,
    12.50037670135498,
    12.981307983398438,
    12.129225254058838,
    12.980592966079712,
    12.85482931137085,
    12.429057598114014,
    12.524004459381104
  ]
}